{"output0": {"width": 309, "height": 129, "id": "output0", "type": "out", "data": {"sustainTime": {"sec": 2}, "pan": {"percent": 50}}, "position": {"x": 1718.9076484891714, "y": 351.1767166078113}, "deletable": false, "selected": false, "positionAbsolute": {"x": 1718.9076484891714, "y": 351.1767166078113}, "dragging": false, "in": []}, "oscillator0": {"width": 248, "height": 252, "id": "oscillator0", "position": {"x": 213.07052913966902, "y": 324.74598945229684}, "type": "oscillator", "data": {"frequency": 440, "amplitude": 1, "shape": "sin"}, "selected": false, "positionAbsolute": {"x": 213.07052913966902, "y": 324.74598945229684}, "dragging": false, "in": []}, "operation1": {"width": 
112, "height": 117, "id": "operation1", "position": {"x": 804.8047782537376, "y": 826.537406653315}, "type": "operation", "data": {"opType": "sum"}, "selected": false, "positionAbsolute": {"x": 804.8047782537376, "y": 826.537406653315}, "dragging": false, "in": []}}
{"output0": {"width": 309, "height": 129, "id": "output0", "type": "out", "data": {"sustainTime": {"sec": 2}, "pan": {"percent": 50}}, "position": {"x": 1718.9076484891714, "y": 351.1767166078113}, "deletable": false, "selected": false, "positionAbsolute": {"x": 1718.9076484891714, "y": 351.1767166078113}, "dragging": false, "in": [{"width": 112, "height": 117, "id": "operation1", "position": {"x": 804.8047782537376, "y": 826.537406653315}, "type": "operation", "data": {"opType": "sum"}, "selected": false, "positionAbsolute": {"x": 804.8047782537376, "y": 826.537406653315}, "dragging": false, "in": [{"width": 248, "height": 252, "id": "oscillator0", "position": {"x": 213.07052913966902, "y": 324.74598945229684}, "type": "oscillator", "data": {"frequency": {...}, "amplitude": 1, "shape": "sin"}, "selected": false, "positionAbsolute": {"x": 213.07052913966902, "y": 324.74598945229684}, "dragging": false, "in": []}]}]}, "oscillator0": {"width": 248, "height": 252, "id": "oscillator0", "position": {"x": 213.07052913966902, "y": 324.74598945229684}, "type": "oscillator", "data": {"frequency": {"width": 112, "height": 117, "id": "operation1", "position": {"x": 804.8047782537376, "y": 826.537406653315}, "type": "operation", "data": {"opType": "sum"}, "selected": false, "positionAbsolute": {"x": 804.8047782537376, "y": 826.537406653315}, "dragging": false, "in": [{...}]}, "amplitude": 1, "shape": "sin"}, "selected": false, "positionAbsolute": {"x": 213.07052913966902, "y": 324.74598945229684}, "dragging": false, "in": []}, "operation1": {"width": 112, "height": 117, "id": "operation1", "position": {"x": 804.8047782537376, "y": 826.537406653315}, "type": "operation", "data": {"opType": "sum"}, "selected": false, "positionAbsolute": {"x": 804.8047782537376, "y": 826.537406653315}, "dragging": false, "in": [{"width": 248, "height": 252, "id": "oscillator0", "position": {"x": 213.07052913966902, "y": 324.74598945229684}, "type": "oscillator", "data": {"frequency": "...", "amplitude": 1, "shape": "sin"}, "selected": false, "positionAbsolute": {"x": 213.07052913966902, "y": 324.74598945229684}, "dragging": false, "in": []}]}}